{"cameraMode":{"drawMode":0,"name":"Shaded","section":"Shading Mode"},"sceneLighting":false,"audioPlay":false,"sceneViewState":{"showFog":true,"showMaterialUpdate":false,"showSkybox":false,"showFlares":true,"showImageEffects":true,"showParticleSystems":true},"in2DMode":false,"pivot":{"x":0.0,"y":3.200000047683716,"z":-3.759999990463257},"rotation":{"x":0.1496809870004654,"y":0.031444281339645389,"z":-0.004793527536094189,"w":0.9883121848106384},"size":0.9354145526885986,"orthographic":false}